sex,age,survival_probability
M,0,1.000000
M,1,0.993032
M,5,0.991943
M,10,0.991080
M,15,0.989422
M,20,0.988035
M,25,0.984994
M,30,0.982003
M,35,0.975002
M,40,0.967996
M,45,0.952002
M,50,0.935992
M,55,0.905012
M,60,0.873986
M,65,0.809008
M,70,0.744003
M,75,0.624484
M,80,0.505027
M,85,0.346478
M,90,0.188004
M,95,0.107027
M,100,0.025948
M,110,0.001056
M,119,0.000000
F,0,1.000000
F,1,0.993522
F,5,0.993163
F,10,0.992099
F,15,0.990945
F,20,0.989983
F,25,0.988032
F,30,0.985986
F,35,0.980994
F,40,0.976005
F,45,0.964008
F,50,0.951987
F,55,0.927008
F,60,0.902005
F,65,0.845990
F,70,0.789999
F,75,0.681504
F,80,0.572999
F,85,0.408998
F,90,0.245005
F,95,0.143040
F,100,0.040915
F,110,0.002108
F,119,0.000000
